id,profile,relpath,old_title,new_title,new_filename,duration_s,bpm_pred,bpm_used,key_pred,key_conf,key_used
1,techno,Techno Samples (test)\60er Projekt 124 bpm Clap 1.wav,60er Projekt 124 bpm Clap 1,"60er Projekt 124 bpm Clap 1, --, [LOOP] - 124BPM, C#m, dark/driving","60er Projekt 124 bpm Clap 1, --, [LOOP] - 124BPM, C#m, dark-driving.wav",15.48891156462585,62.26468373493976,125,C#m,3.9079780838230107,C#m
2,techno,Techno Samples (test)\60er Projekt 124 bpm Clap 2.wav,60er Projekt 124 bpm Clap 2,"60er Projekt 124 bpm Clap 2, --, [LOOP] - 124BPM, C#m, dark/driving","60er Projekt 124 bpm Clap 2, --, [LOOP] - 124BPM, C#m, dark-driving.wav",15.48891156462585,62.26468373493976,125,C#m,3.8029481357757335,C#m
3,techno,Techno Samples (test)\60er Projekt 124 bpm Clap 3.wav,60er Projekt 124 bpm Clap 3,"60er Projekt 124 bpm Clap 3, --, [LOOP] - 124BPM, C#m, dark/driving","60er Projekt 124 bpm Clap 3, --, [LOOP] - 124BPM, C#m, dark-driving.wav",15.48891156462585,62.26468373493976,125,C#m,3.8862550072288617,C#m
4,techno,Techno Samples (test)\60er Projekt 124 bpm Clap Holz - Part_2.wav,60er Projekt 124 bpm Clap Holz - Part_2,"60er Projekt 124 bpm Clap Holz, --, [LOOP] - 124BPM, Em, dark/driving","60er Projekt 124 bpm Clap Holz, --, [LOOP] - 124BPM, Em, dark-driving.wav",14.449614512471655,67.11647727272727,134,Em,3.7987876448132387,Em
5,techno,Techno Samples (test)\Clap loop 128bpm.wav,Clap loop 128bpm,"Clap loop 128bpm, --, [LOOP] - 128BPM, C#m, dark/driving","Clap loop 128bpm, --, [LOOP] - 128BPM, C#m, dark-driving.wav",7.504875283446712,63.802083333333336,128,C#m,3.7893570963252565,C#m
6,techno,Techno Samples (test)\clap voll.wav,clap voll,"clap voll, --, [LOOP] - 142BPM, Fm, dark/driving","clap voll, --, [LOOP] - 142BPM, Fm, dark-driving.wav",28.732403628117915,70.79409246575342,142,Fm,3.7799736592956963,Fm
7,techno,Techno Samples (test)\CLAP_2_LOOP_Jannek Büngener.wav,CLAP_2_LOOP_Jannek Büngener,"CLAP_2_LOOP_Jannek Büngener, --, [LOOP] - 117BPM, C#m, dark/driving","CLAP_2_LOOP_Jannek Büngener, --, [LOOP] - 117BPM, C#m, dark-driving.wav",16.41560090702948,58.72691761363637,117,C#m,3.792255320687013,C#m
8,techno,Techno Samples (test)\CLAP_3_LOOPJannek Büngener.wav,CLAP_3_LOOPJannek Büngener,"CLAP_3_LOOPJannek Büngener, --, [LOOP] - 125BPM, C#m, dark/driving","CLAP_3_LOOPJannek Büngener, --, [LOOP] - 125BPM, C#m, dark-driving.wav",16.964988662131518,62.26468373493976,125,C#m,3.7845063941421047,C#m
9,techno,Techno Samples (test)\CLAP_9_LOOP(Pre-Shifted REALISTIC)_Jannek Büngener.wav,CLAP_9_LOOP(Pre-Shifted REALISTIC)_Jannek Büngener,"CLAP_9_LOOP(Pre-Shifted REALISTIC)_Jannek Büngener, --, [LOOP] - 116BPM, C#m, dark/driving","CLAP_9_LOOP(Pre-Shifted REALISTIC)_Jannek Büngener, --, [LOOP] - 116BPM, C#m, dark-driving.wav",8.210476190476191,58.067064606741575,116,C#m,3.7832199056156406,C#m
10,techno,Techno Samples (test)\claps loop2_Jannek Büngener.wav,claps loop2_Jannek Büngener,"claps loop2_Jannek Büngener, --, [LOOP] - 138BPM, Em, dark/driving","claps loop2_Jannek Büngener, --, [LOOP] - 138BPM, Em, dark-driving.wav",31.22201814058957,68.90625,138,Em,3.7895923427949656,Em
11,techno,Techno Samples (test)\Musical_Taste_Organic_CLAP_4_Jannek Büngener.wav,Musical_Taste_Organic_CLAP_4_Jannek Büngener,"Musical_Taste_Organic_CLAP_4_Jannek Büngener, --, [LOOP] - 117BPM, Am, dark/driving","Musical_Taste_Organic_CLAP_4_Jannek Büngener, --, [LOOP] - 117BPM, Am, dark-driving.wav",4.1079138321995465,58.72691761363637,117,Am,3.764306014695357,Am
12,techno,Techno Samples (test)\Musical_Taste_Snap_SEELE_LOOP.wav,Musical_Taste_Snap_SEELE_LOOP,"Musical_Taste_Snap_SEELE_LOOP, --, [LOOP] - 125BPM, Bm, dark/driving","Musical_Taste_Snap_SEELE_LOOP, --, [LOOP] - 125BPM, Bm, dark-driving.wav",9.541337868480726,62.26468373493976,125,Bm,3.8056154384833882,Bm
13,techno,Techno Samples (test)\TOK_2_LOOP Jannek Büngener.wav,TOK_2_LOOP Jannek Büngener,"TOK_2_LOOP Jannek Büngener, --, [LOOP] - 117BPM, C#m, dark/driving","TOK_2_LOOP Jannek Büngener, --, [LOOP] - 117BPM, C#m, dark-driving.wav",8.696575963718821,58.72691761363637,117,C#m,3.764886591088191,C#m
14,techno,Techno Samples (test)\Clap Raw Jannek Büngener.wav,Clap Raw Jannek Büngener,"Clap Raw Jannek Büngener, --, [ONE-SHOT] - 120BPM, Am, dark/driving","Clap Raw Jannek Büngener, --, [ONE-SHOT] - 120BPM, Am, dark-driving.wav",0.37528344671201813,120.18531976744185,120,Am,3.790014218479111,Am
15,techno,Techno Samples (test)\CLAP_1_ Jannek Büngener.wav,CLAP_1_ Jannek Büngener,"CLAP_1_ Jannek Büngener, --, [LOOP] - 120BPM, C#m, dark/driving","CLAP_1_ Jannek Büngener, --, [LOOP] - 120BPM, C#m, dark-driving.wav",1.0555555555555556,120.18531976744185,120,C#m,3.818126550117882,C#m
16,techno,Techno Samples (test)\CLAP_4_SHOT_Jannek Büngener.wav,CLAP_4_SHOT_Jannek Büngener,"CLAP_4_SHOT_Jannek Büngener, --, [ONE-SHOT] - 120BPM, C#m, dark/driving","CLAP_4_SHOT_Jannek Büngener, --, [ONE-SHOT] - 120BPM, C#m, dark-driving.wav",0.5903401360544218,120.18531976744185,120,C#m,3.8755589366197865,C#m
17,techno,Techno Samples (test)\CLAP_5_SHOT_Jannek Büngener.wav,CLAP_5_SHOT_Jannek Büngener,"CLAP_5_SHOT_Jannek Büngener, --, [ONE-SHOT] - --BPM, Fm, dark/driving","CLAP_5_SHOT_Jannek Büngener, --, [ONE-SHOT] - --BPM, Fm, dark-driving.wav",0.2999773242630385,0.0,0,Fm,3.767536176926443,Fm
18,techno,Techno Samples (test)\CLAP_6_SHOT_Jannek Büngener.wav,CLAP_6_SHOT_Jannek Büngener,"CLAP_6_SHOT_Jannek Büngener, --, [ONE-SHOT] - 120BPM, C#m, dark/driving","CLAP_6_SHOT_Jannek Büngener, --, [ONE-SHOT] - 120BPM, C#m, dark-driving.wav",0.48106575963718823,120.18531976744185,120,C#m,3.869573276134298,C#m
19,techno,Techno Samples (test)\CLAP_7_SHOT_Jannek Büngener.wav,CLAP_7_SHOT_Jannek Büngener,"CLAP_7_SHOT_Jannek Büngener, --, [LOOP] - 120BPM, Fm, dark/driving","CLAP_7_SHOT_Jannek Büngener, --, [LOOP] - 120BPM, Fm, dark-driving.wav",1.3728571428571428,120.18531976744185,120,Fm,3.890758894032293,Fm
20,techno,Techno Samples (test)\CLAP_10_SHOT_Jannek Büngener.wav,CLAP_10_SHOT_Jannek Büngener,"CLAP_10_SHOT_Jannek Büngener, --, [ONE-SHOT] - --BPM, Am, dark/driving","CLAP_10_SHOT_Jannek Büngener, --, [ONE-SHOT] - --BPM, Am, dark-driving.wav",0.004036281179138322,0.0,0,Am,3.8047529635007877,Am
21,techno,Techno Samples (test)\Clap2_Jannek Büngener.wav,Clap2_Jannek Büngener,"Clap2_Jannek Büngener, --, [ONE-SHOT] - 120BPM, Dm, dark/driving","Clap2_Jannek Büngener, --, [ONE-SHOT] - 120BPM, Dm, dark-driving.wav",0.048435374149659864,120.18531976744185,120,Dm,3.887735446567772,Dm
22,techno,Techno Samples (test)\Schalter an aus.wav,Schalter an aus,"Schalter an aus, --, [LOOP] - 101BPM, Cm, dark/driving","Schalter an aus, --, [LOOP] - 101BPM, Cm, dark-driving.wav",0.8874829931972789,101.33272058823529,101,Cm,3.7803105052851826,Cm
23,techno,Techno Samples (test)\Clap 1.wav,Clap 1,"Clap 1, --, [LOOP] - 120BPM, Fm, dark/driving","Clap 1, --, [LOOP] - 120BPM, Fm, dark-driving.wav",0.43750566893424037,120.18531976744185,120,Fm,3.78974750435004,Fm
24,techno,Techno Samples (test)\Clap 2.wav,Clap 2,"Clap 2, --, [LOOP] - 120BPM, C#m, dark/driving","Clap 2, --, [LOOP] - 120BPM, C#m, dark-driving.wav",0.22321995464852606,120.18531976744185,120,C#m,3.8084998632164857,C#m
25,techno,Techno Samples (test)\16th 1 loop 144 bpm.wav,16th 1 loop 144 bpm,"16th 1 loop 144 bpm, --, [LOOP] - 144BPM, Am, dark/driving","16th 1 loop 144 bpm, --, [LOOP] - 144BPM, Am, dark-driving.wav",6.666666666666667,143.5546875,144,Am,3.8150060509160446,Am
26,techno,Techno Samples (test)\HH 1 offbeat 144bpm.wav,HH 1 offbeat 144bpm,"HH 1 offbeat 144bpm, --, [LOOP] - 144BPM, Am, dark/driving","HH 1 offbeat 144bpm, --, [LOOP] - 144BPM, Am, dark-driving.wav",6.666666666666667,143.5546875,144,Am,3.767133402254711,Am
27,techno,Techno Samples (test)\HH 2  closed 132bpm.wav,HH 2  closed 132bpm,"HH 2  closed 132bpm, --, [LOOP] - 132BPM, Cm, dark/driving","HH 2 closed 132bpm, --, [LOOP] - 132BPM, Cm, dark-driving.wav",43.64569160997733,132.51201923076923,133,Cm,3.7290822910230315,Cm
28,techno,Techno Samples (test)\HH 2 (konsolidiert) (konsolidiert) - Part_2.wav,HH 2 (konsolidiert) (konsolidiert) - Part_2,"HH 2 (konsolidiert) (konsolidiert), --, [LOOP] - 136BPM, Am, dark/driving","HH 2 (konsolidiert) (konsolidiert), --, [LOOP] - 136BPM, Am, dark-driving.wav",98.8373125,135.99917763157896,136,Am,3.7411786534749223,Am
29,techno,Techno Samples (test)\HH 3 132bpm.wav,HH 3 132bpm,"HH 3 132bpm, --, [LOOP] - 132BPM, Am, dark/driving","HH 3 132bpm, --, [LOOP] - 132BPM, Am, dark-driving.wav",29.090748299319728,132.51201923076923,133,Am,3.7677052176537655,Am
30,techno,Techno Samples (test)\HH 4 (asynchron) Loop.wav,HH 4 (asynchron) Loop,"HH 4 (asynchron) Loop, --, [LOOP] - 133BPM, D#m, dark/driving","HH 4 (asynchron) Loop, --, [LOOP] - 133BPM, D#m, dark-driving.wav",29.095328798185943,132.51201923076923,133,D#m,3.7321283899114435,D#m
31,techno,Techno Samples (test)\HH 6 132bpm.wav,HH 6 132bpm,"HH 6 132bpm, --, [LOOP] - 132BPM, Am, dark/driving","HH 6 132bpm, --, [LOOP] - 132BPM, Am, dark-driving.wav",29.100022675736962,132.51201923076923,133,Am,3.7458023506013918,Am
32,techno,Techno Samples (test)\HH 7 Loop.wav,HH 7 Loop,"HH 7 Loop, --, [LOOP] - 129BPM, G#m, dark/driving","HH 7 Loop, --, [LOOP] - 129BPM, G#m, dark-driving.wav",7.399047619047619,129.19921875,129,G#m,3.8039753995494934,G#m
33,techno,Techno Samples (test)\HH 8 short 124bpm.wav,HH 8 short 124bpm,"HH 8 short 124bpm, --, [LOOP] - 124BPM, Am, dark/driving","HH 8 short 124bpm, --, [LOOP] - 124BPM, Am, dark-driving.wav",15.48891156462585,123.046875,123,Am,3.7387756286162106,Am
34,techno,Techno Samples (test)\HH open Loop - Jannek Büngener.wav,HH open Loop - Jannek Büngener,"HH open Loop, --, [LOOP] - 133BPM, Em, dark/driving","HH open Loop, --, [LOOP] - 133BPM, Em, dark-driving.wav",14.545442176870749,132.51201923076923,133,Em,3.756644045175032,Em
35,techno,Techno Samples (test)\hi hat open Loop.wav,hi hat open Loop,"hi hat open Loop, --, [LOOP] - 133BPM, G#m, dark/driving","hi hat open Loop, --, [LOOP] - 133BPM, G#m, dark-driving.wav",7.272721088435374,132.51201923076923,133,G#m,3.796755946743571,G#m
36,techno,Techno Samples (test)\Kessel Hat Loop 144bpm.wav,Kessel Hat Loop 144bpm,"Kessel Hat Loop 144bpm, --, [LOOP] - 144BPM, A#m, dark/driving","Kessel Hat Loop 144bpm, --, [LOOP] - 144BPM, A#m, dark-driving.wav",13.333333333333334,143.5546875,144,A#m,3.80349078655849,A#m
37,techno,Techno Samples (test)\MT HH Loop 1 Jannek Büngener.wav,MT HH Loop 1 Jannek Büngener,"MT HH Loop 1 Jannek Büngener, --, [LOOP] - 126BPM, Cm, dark/driving","MT HH Loop 1 Jannek Büngener, --, [LOOP] - 126BPM, Cm, dark-driving.wav",15.36498866213152,126.04801829268293,126,Cm,3.7616782875796697,Cm
38,techno,Techno Samples (test)\sddf.wav,sddf,"sddf, --, [ONE-SHOT] - 120BPM, A#m, dark/driving","sddf, --, [ONE-SHOT] - 120BPM, A#m, dark-driving.wav",0.06297052154195011,120.18531976744185,120,A#m,3.877612143837178,A#m
39,techno,Techno Samples (test)\Selee Loop_HH.wav,Selee Loop_HH,"Selee Loop_HH, --, [LOOP] - 123BPM, Dm, dark/driving","Selee Loop_HH, --, [LOOP] - 123BPM, Dm, dark-driving.wav",16.013106575963718,123.046875,123,Dm,3.72355922703563,Dm
40,techno,Techno Samples (test)\HH 1.wav,HH 1,"HH 1, --, [ONE-SHOT] - 120BPM, Gm, dark/driving","HH 1, --, [ONE-SHOT] - 120BPM, Gm, dark-driving.wav",0.09233560090702948,120.18531976744185,120,Gm,3.840425285652506,Gm
41,techno,Techno Samples (test)\HH 2.wav,HH 2,"HH 2, --, [LOOP] - 120BPM, Am, dark/driving","HH 2, --, [LOOP] - 120BPM, Am, dark-driving.wav",0.23147392290249433,120.18531976744185,120,Am,3.742630088331726,Am
42,techno,Techno Samples (test)\HH 3.wav,HH 3,"HH 3, --, [ONE-SHOT] - 120BPM, Am, dark/driving","HH 3, --, [ONE-SHOT] - 120BPM, Am, dark-driving.wav",0.23147392290249433,120.18531976744185,120,Am,3.8276080012448177,Am
43,techno,Techno Samples (test)\HH 4.wav,HH 4,"HH 4, --, [LOOP] - 136BPM, C#m, dark/driving","HH 4, --, [LOOP] - 136BPM, C#m, dark-driving.wav",0.37961451247165534,271.9983552631579,136,C#m,3.7265664927219024,C#m
44,techno,Techno Samples (test)\HH 5.wav,HH 5,"HH 5, --, [ONE-SHOT] - 120BPM, Gm, dark/driving","HH 5, --, [ONE-SHOT] - 120BPM, Gm, dark-driving.wav",0.23147392290249433,120.18531976744185,120,Gm,3.7542520768551744,Gm
45,techno,Techno Samples (test)\HH 6.wav,HH 6,"HH 6, --, [LOOP] - 136BPM, Am, dark/driving","HH 6, --, [LOOP] - 136BPM, Am, dark-driving.wav",0.4398185941043084,271.9983552631579,136,Am,3.7431770722856488,Am
46,techno,Techno Samples (test)\HH 7.wav,HH 7,"HH 7, --, [LOOP] - 120BPM, G#m, dark/driving","HH 7, --, [LOOP] - 120BPM, G#m, dark-driving.wav",0.2314965986394558,120.18531976744185,120,G#m,3.8019034366924744,G#m
47,techno,Techno Samples (test)\HH 8.wav,HH 8,"HH 8, --, [ONE-SHOT] - 120BPM, Am, dark/driving","HH 8, --, [ONE-SHOT] - 120BPM, Am, dark-driving.wav",0.2323125,120.18531976744185,120,Am,3.7495347855727905,Am
48,techno,Techno Samples (test)\HH 9.wav,HH 9,"HH 9, --, [ONE-SHOT] - 120BPM, A#m, dark/driving","HH 9, --, [ONE-SHOT] - 120BPM, A#m, dark-driving.wav",0.19206349206349208,120.18531976744185,120,A#m,3.743555796684102,A#m
49,techno,Techno Samples (test)\HH 10.wav,HH 10,"HH 10, --, [ONE-SHOT] - 120BPM, A#m, dark/driving","HH 10, --, [ONE-SHOT] - 120BPM, A#m, dark-driving.wav",0.17746031746031746,120.18531976744185,120,A#m,3.8147744584018355,A#m
50,techno,Techno Samples (test)\HH 11.wav,HH 11,"HH 11, --, [ONE-SHOT] - 120BPM, Bm, dark/driving","HH 11, --, [ONE-SHOT] - 120BPM, Bm, dark-driving.wav",0.2592517006802721,120.18531976744185,120,Bm,3.7875066984192762,Bm
51,techno,Techno Samples (test)\HH 12.wav,HH 12,"HH 12, --, [LOOP] - 120BPM, Am, dark/driving","HH 12, --, [LOOP] - 120BPM, Am, dark-driving.wav",0.101859410430839,120.18531976744185,120,Am,3.819811695513184,Am
52,techno,Techno Samples (test)\HH 13.wav,HH 13,"HH 13, --, [LOOP] - 144BPM, Am, dark/driving","HH 13, --, [LOOP] - 144BPM, Am, dark-driving.wav",6.666485260770975,143.5546875,144,Am,3.8191880229035013,Am
53,techno,Techno Samples (test)\Selee Loop_HH+ - Part_1.wav,Selee Loop_HH+ - Part_1,"Selee Loop_HH+, --, [LOOP] - 120BPM, Am, dark/driving","Selee Loop_HH+, --, [LOOP] - 120BPM, Am, dark-driving.wav",0.11904761904761904,120.18531976744185,120,Am,3.79423419199514,Am
54,techno,Techno Samples (test)\umt_hat_808.wav,umt_hat_808,"umt_hat_808, --, [ONE-SHOT] - 120BPM, Bm, dark/driving","umt_hat_808, --, [ONE-SHOT] - 120BPM, Bm, dark-driving.wav",0.14417233560090703,120.18531976744185,120,Bm,3.816336358519882,Bm
55,film_scoring,Cinematic Samples (test)\African Singer shake it shake it.wav,African Singer shake it shake it,"African Singer shake it shake it, --, [LOOP] - 167BPM, Fm, cinematic/tense","African Singer shake it shake it, --, [LOOP] - 167BPM, Fm, cinematic-tense.wav",60.96,166.70866935483872,167,Fm,3.74297562331276,Fm
56,film_scoring,Cinematic Samples (test)\Aku Aku.wav,Aku Aku,"Aku Aku, --, [LOOP] - 235BPM, A#m, cinematic/tense","Aku Aku, --, [LOOP] - 235BPM, A#m, cinematic-tense.wav",2.3039909297052152,234.90767045454547,235,A#m,3.773279615659866,A#m
57,film_scoring,Cinematic Samples (test)\Atmos - Creapy 1.wav,Atmos - Creapy 1,"Atmos, --, [LOOP] - 178BPM, G#m, cinematic/tense","Atmos, --, [LOOP] - 178BPM, G#m, cinematic-tense.wav",13.521133786848072,178.20581896551724,178,G#m,4.444612191162141,G#m
58,film_scoring,Cinematic Samples (test)\Atmos - Hornissen Sturzflug.wav,Atmos - Hornissen Sturzflug,"Atmos, --, [LOOP] - 80BPM, Fm, cinematic/tense","Atmos, --, [LOOP] - 80BPM, Fm, cinematic-tense.wav",13.521133786848072,79.50721153846153,80,Fm,3.935788157056577,Fm
59,film_scoring,Cinematic Samples (test)\Bass_shot_Jannek Büngener.wav,Bass_shot_Jannek Büngener,"Bass_shot_Jannek Büngener, --, [FX] - 304BPM, Am, cinematic/tense","Bass_shot_Jannek Büngener, --, [FX] - 304BPM, Am, cinematic-tense.wav",0.9570294784580499,303.99816176470586,304,Am,3.832245444385988,Am
60,film_scoring,Cinematic Samples (test)\Heatshot.wav,Heatshot,"Heatshot, --, [LOOP] - 161BPM, C#m, cinematic/tense","Heatshot, --, [LOOP] - 161BPM, C#m, cinematic-tense.wav",5.21,161.4990234375,161,C#m,3.749100394684711,C#m
61,film_scoring,Cinematic Samples (test)\human race.wav,human race,"human race, --, [LOOP] - 152BPM, Cm, cinematic/tense","human race, --, [LOOP] - 152BPM, Cm, cinematic-tense.wav",10.13,151.99908088235293,152,Cm,3.7578946694018596,Cm
62,film_scoring,Cinematic Samples (test)\Kasse_Jannek Büngener.wav,Kasse_Jannek Büngener,"Kasse_Jannek Büngener, --, [LOOP] - 129BPM, Cm, cinematic/tense","Kasse_Jannek Büngener, --, [LOOP] - 129BPM, Cm, cinematic-tense.wav",46.86,129.19921875,129,Cm,3.7428023276567846,Cm
63,film_scoring,Cinematic Samples (test)\Kehlkopfgesang.wav,Kehlkopfgesang,"Kehlkopfgesang, --, [LOOP] - 120BPM, Bm, cinematic/tense","Kehlkopfgesang, --, [LOOP] - 120BPM, Bm, cinematic-tense.wav",50.91,120.18531976744185,120,Bm,4.104305883746896,Bm
64,film_scoring,Cinematic Samples (test)\MT_beep_Sound_Jannek Büngener.mp3,MT_beep_Sound_Jannek Büngener,"MT_beep_Sound_Jannek Büngener, --, [LOOP] - --BPM, Bm, cinematic/tense","MT_beep_Sound_Jannek Büngener, --, [LOOP] - --BPM, Bm, cinematic-tense.mp3",2.8564625850340137,0.0,0,Bm,5.252853791128067,Bm
65,film_scoring,Cinematic Samples (test)\natives.wav,natives,"natives, --, [LOOP] - 161BPM, Cm, cinematic/tense","natives, --, [LOOP] - 161BPM, Cm, cinematic-tense.wav",61.14,161.4990234375,161,Cm,3.7318774279140148,Cm
66,film_scoring,Cinematic Samples (test)\nEUER sOUND - Part_1.wav,nEUER sOUND - Part_1,"nEUER sOUND, --, [FX] - 120BPM, G#m, cinematic/tense","nEUER sOUND, --, [FX] - 120BPM, G#m, cinematic-tense.wav",0.47099773242630383,120.18531976744185,120,G#m,4.205077835896279,G#m
67,film_scoring,Cinematic Samples (test)\Neuer Soundflp.wav,Neuer Soundflp,"Neuer Soundflp, --, [LOOP] - 172BPM, Em, cinematic/tense","Neuer Soundflp, --, [LOOP] - 172BPM, Em, cinematic-tense.wav",4.3359410430839,172.265625,172,Em,3.980638720643622,Em
68,film_scoring,Cinematic Samples (test)\Pauke Atmosferisch Loop.wav,Pauke Atmosferisch Loop,"Pauke Atmosferisch Loop, --, [LOOP] - 133BPM, Fm, cinematic/tense","Pauke Atmosferisch Loop, --, [LOOP] - 133BPM, Fm, cinematic-tense.wav",29.322721088435372,132.51201923076923,133,Fm,3.744248185877701,Fm
69,film_scoring,Cinematic Samples (test)\Phoenix - Piano Chords Loop.wav,Phoenix - Piano Chords Loop,"Phoenix, --, [LOOP] - 133BPM, D#m, cinematic/tense","Phoenix, --, [LOOP] - 133BPM, D#m, cinematic-tense.wav",130.90775510204082,132.51201923076923,133,D#m,4.240651972531144,D#m
70,film_scoring,Cinematic Samples (test)\RYTHM_1_LOOP_Jannek Büngener.wav,RYTHM_1_LOOP_Jannek Büngener,"RYTHM_1_LOOP_Jannek Büngener, --, [LOOP] - 117BPM, Dm, cinematic/tense","RYTHM_1_LOOP_Jannek Büngener, --, [LOOP] - 117BPM, Dm, cinematic-tense.wav",8.338684807256236,117.45383522727273,117,Dm,3.7720656884087314,Dm
71,film_scoring,Cinematic Samples (test)\Selee Loop_IMPACT.wav,Selee Loop_IMPACT,"Selee Loop_IMPACT, --, [LOOP] - 123BPM, Cm, cinematic/tense","Selee Loop_IMPACT, --, [LOOP] - 123BPM, Cm, cinematic-tense.wav",8.230839002267574,123.046875,123,Cm,3.760207145209878,Cm
72,film_scoring,Cinematic Samples (test)\Selee Loop_inpact - Part_1.wav,Selee Loop_inpact - Part_1,"Selee Loop_inpact, --, [LOOP] - 126BPM, Bm, cinematic/tense","Selee Loop_inpact, --, [LOOP] - 126BPM, Bm, cinematic-tense.wav",3.3070975056689345,126.04801829268293,126,Bm,3.7563440460055624,Bm
73,film_scoring,Cinematic Samples (test)\Selee Loop_inpact - Part_2.wav,Selee Loop_inpact - Part_2,"Selee Loop_inpact, --, [LOOP] - 167BPM, D#m, cinematic/tense","Selee Loop_inpact, --, [LOOP] - 167BPM, D#m, cinematic-tense.wav",3.8274603174603175,166.70866935483872,167,D#m,3.7848496606282245,D#m
74,film_scoring,Cinematic Samples (test)\Trumpets.wav,Trumpets,"Trumpets, --, [LOOP] - 126BPM, Em, cinematic/tense","Trumpets, --, [LOOP] - 126BPM, Em, cinematic-tense.wav",53.76498866213152,126.04801829268293,126,Em,4.041380856596097,Em
75,film_scoring,Cinematic Samples (test)\white noise Distorded.wav,white noise Distorded,"white noise Distorded, --, [LOOP] - 103BPM, Dm, cinematic/tense","white noise Distorded, --, [LOOP] - 103BPM, Dm, cinematic-tense.wav",28.889931972789114,103.359375,103,Dm,3.765304136532602,Dm
76,film_scoring,Cinematic Samples (test)\Bass SFX_F(23).wav,Bass SFX_F(23),"Bass SFX_F(23), --, [LOOP] - 148BPM, Fm, cinematic/tense","Bass SFX_F(23), --, [LOOP] - 148BPM, Fm, cinematic-tense.wav",5.782721088435374,147.65625,148,Fm,4.007812624593486,Fm
77,film_scoring,Cinematic Samples (test)\Bass SFX_F(28).wav,Bass SFX_F(28),"Bass SFX_F(28), --, [LOOP] - 152BPM, Fm, cinematic/tense","Bass SFX_F(28), --, [LOOP] - 152BPM, Fm, cinematic-tense.wav",5.73204081632653,151.99908088235293,152,Fm,4.199042745059645,Fm
78,film_scoring,Cinematic Samples (test)\Bass SFX_F(30).wav,Bass SFX_F(30),"Bass SFX_F(30), --, [LOOP] - 133BPM, D#m, cinematic/tense","Bass SFX_F(30), --, [LOOP] - 133BPM, D#m, cinematic-tense.wav",2.929659863945578,132.51201923076923,133,D#m,3.9048169785623856,D#m
79,film_scoring,Cinematic Samples (test)\Bass SFX_F(37).wav,Bass SFX_F(37),"Bass SFX_F(37), --, [LOOP] - 123BPM, F#m, cinematic/tense","Bass SFX_F(37), --, [LOOP] - 123BPM, F#m, cinematic-tense.wav",8.003015873015872,123.046875,123,F#m,4.049655296309543,F#m
80,film_scoring,Cinematic Samples (test)\Bass SFX_F(19).wav,Bass SFX_F(19),"Bass SFX_F(19), --, [LOOP] - 115BPM, F#m, cinematic/tense","Bass SFX_F(19), --, [LOOP] - 115BPM, F#m, cinematic-tense.wav",2.639795918367347,114.84375,115,F#m,3.8164133800616207,F#m
81,film_scoring,Cinematic Samples (test)\Bass SFX_F(21).wav,Bass SFX_F(21),"Bass SFX_F(21), --, [LOOP] - 88BPM, Fm, cinematic/tense","Bass SFX_F(21), --, [LOOP] - 88BPM, Fm, cinematic-tense.wav",3.563764172335601,87.5926906779661,88,Fm,4.078600745778651,Fm
82,film_scoring,Cinematic Samples (test)\Digital TV Glitch 1.mp3,Digital TV Glitch 1,"Digital TV Glitch 1, --, [FX] - 103BPM, Cm, cinematic/tense","Digital TV Glitch 1, --, [FX] - 103BPM, Cm, cinematic-tense.mp3",1.2066666666666668,103.359375,103,Cm,3.785789687321814,Cm
83,film_scoring,Cinematic Samples (test)\Digital TV Glitch 2.mp3,Digital TV Glitch 2,"Digital TV Glitch 2, --, [FX] - 123BPM, F#m, cinematic/tense","Digital TV Glitch 2, --, [FX] - 123BPM, F#m, cinematic-tense.mp3",1.2066666666666668,123.046875,123,F#m,3.7795111572267475,F#m
84,film_scoring,Cinematic Samples (test)\Digital TV Glitch 3.mp3,Digital TV Glitch 3,"Digital TV Glitch 3, --, [FX] - 215BPM, D#m, cinematic/tense","Digital TV Glitch 3, --, [FX] - 215BPM, D#m, cinematic-tense.mp3",1.2066666666666668,215.33203125,215,D#m,3.7869612040891742,D#m
85,film_scoring,Cinematic Samples (test)\Digital TV Glitch 4.mp3,Digital TV Glitch 4,"Digital TV Glitch 4, --, [FX] - 157BPM, Em, cinematic/tense","Digital TV Glitch 4, --, [FX] - 157BPM, Em, cinematic-tense.mp3",1.2066666666666668,156.60511363636363,157,Em,3.817459273993197,Em
86,film_scoring,Cinematic Samples (test)\Elementing Glitch 1.mp3,Elementing Glitch 1,"Elementing Glitch 1, --, [FX] - 112BPM, A#m, cinematic/tense","Elementing Glitch 1, --, [FX] - 112BPM, A#m, cinematic-tense.mp3",1.2066666666666668,112.34714673913044,112,A#m,3.775062891670829,A#m
87,film_scoring,Cinematic Samples (test)\Elementing Glitch 2.mp3,Elementing Glitch 2,"Elementing Glitch 2, --, [FX] - 144BPM, Cm, cinematic/tense","Elementing Glitch 2, --, [FX] - 144BPM, Cm, cinematic-tense.mp3",1.2066666666666668,143.5546875,144,Cm,3.781014962793371,Cm
88,film_scoring,Cinematic Samples (test)\Fast Glitch 1.mp3,Fast Glitch 1,"Fast Glitch 1, --, [FX] - 235BPM, C#m, cinematic/tense","Fast Glitch 1, --, [FX] - 235BPM, C#m, cinematic-tense.mp3",1.2066666666666668,234.90767045454547,235,C#m,3.892905136850048,C#m
89,film_scoring,Cinematic Samples (test)\Fast Glitch 2.mp3,Fast Glitch 2,"Fast Glitch 2, --, [FX] - 304BPM, C#m, cinematic/tense","Fast Glitch 2, --, [FX] - 304BPM, C#m, cinematic-tense.mp3",1.2066666666666668,303.99816176470586,304,C#m,3.894821484801189,C#m
90,film_scoring,Cinematic Samples (test)\Fast Glitch 3.mp3,Fast Glitch 3,"Fast Glitch 3, --, [FX] - 207BPM, Am, cinematic/tense","Fast Glitch 3, --, [FX] - 207BPM, Am, cinematic-tense.mp3",0.8226666666666667,206.71875,207,Am,3.7440980399717234,Am
91,film_scoring,Cinematic Samples (test)\Fast Glitch 4.mp3,Fast Glitch 4,"Fast Glitch 4, --, [FX] - 178BPM, F#m, cinematic/tense","Fast Glitch 4, --, [FX] - 178BPM, F#m, cinematic-tense.mp3",1.0386666666666666,178.20581896551724,178,F#m,3.890912313864265,F#m
92,film_scoring,Cinematic Samples (test)\No Signal Glitch 1.mp3,No Signal Glitch 1,"No Signal Glitch 1, --, [FX] - 115BPM, Cm, cinematic/tense","No Signal Glitch 1, --, [FX] - 115BPM, Cm, cinematic-tense.mp3",1.2066666666666668,114.84375,115,Cm,3.8505378701048114,Cm
93,film_scoring,Cinematic Samples (test)\No Signal Glitch 2.mp3,No Signal Glitch 2,"No Signal Glitch 2, --, [FX] - 235BPM, C#m, cinematic/tense","No Signal Glitch 2, --, [FX] - 235BPM, C#m, cinematic-tense.mp3",1.2066666666666668,234.90767045454547,235,C#m,3.879882766973537,C#m
94,film_scoring,Cinematic Samples (test)\No Signal Glitch 3.mp3,No Signal Glitch 3,"No Signal Glitch 3, --, [FX] - 152BPM, Cm, cinematic/tense","No Signal Glitch 3, --, [FX] - 152BPM, Cm, cinematic-tense.mp3",1.2066666666666668,151.99908088235293,152,Cm,3.8501628740569744,Cm
95,film_scoring,Cinematic Samples (test)\No Signal Glitch 4.mp3,No Signal Glitch 4,"No Signal Glitch 4, --, [FX] - 94BPM, Cm, cinematic/tense","No Signal Glitch 4, --, [FX] - 94BPM, Cm, cinematic-tense.mp3",1.2066666666666668,93.96306818181819,94,Cm,3.804023994332798,Cm
96,film_scoring,Cinematic Samples (test)\No Signal Glitch 5.mp3,No Signal Glitch 5,"No Signal Glitch 5, --, [FX] - 129BPM, Fm, cinematic/tense","No Signal Glitch 5, --, [FX] - 129BPM, Fm, cinematic-tense.mp3",1.2066666666666668,129.19921875,129,Fm,3.8091798013162053,Fm
97,film_scoring,Cinematic Samples (test)\Noise Glitch 1.mp3,Noise Glitch 1,"Noise Glitch 1, --, [FX] - 140BPM, Cm, cinematic/tense","Noise Glitch 1, --, [FX] - 140BPM, Cm, cinematic-tense.mp3",1.2066666666666668,139.6748310810811,140,Cm,3.7610412265056525,Cm
98,film_scoring,Cinematic Samples (test)\Noise Glitch 2.mp3,Noise Glitch 2,"Noise Glitch 2, --, [LOOP] - 144BPM, C#m, cinematic/tense","Noise Glitch 2, --, [LOOP] - 144BPM, C#m, cinematic-tense.mp3",1.2066666666666668,143.5546875,144,C#m,3.7499238314460164,C#m
99,film_scoring,Cinematic Samples (test)\Noise Glitch 3.mp3,Noise Glitch 3,"Noise Glitch 3, --, [FX] - 157BPM, Cm, cinematic/tense","Noise Glitch 3, --, [FX] - 157BPM, Cm, cinematic-tense.mp3",1.2066666666666668,156.60511363636363,157,Cm,3.781477855607654,Cm
100,film_scoring,Cinematic Samples (test)\Noise Glitch 4.mp3,Noise Glitch 4,"Noise Glitch 4, --, [FX] - 112BPM, D#m, cinematic/tense","Noise Glitch 4, --, [FX] - 112BPM, D#m, cinematic-tense.mp3",1.2066666666666668,112.34714673913044,112,D#m,3.801492135197616,D#m
101,film_scoring,Cinematic Samples (test)\Noise Glitch 5.mp3,Noise Glitch 5,"Noise Glitch 5, --, [LOOP] - 287BPM, Dm, cinematic/tense","Noise Glitch 5, --, [LOOP] - 287BPM, Dm, cinematic-tense.mp3",1.1826666666666668,287.109375,287,Dm,3.766579531941315,Dm
102,film_scoring,Cinematic Samples (test)\Generdyn - ATMOS - 01.wav,Generdyn - ATMOS - 01,"Generdyn, --, [LOOP] - --BPM, Dm, cinematic/tense","Generdyn, --, [LOOP] - --BPM, Dm, cinematic-tense.wav",15.01952380952381,0.0,0,Dm,5.039614182300569,Dm
103,film_scoring,Cinematic Samples (test)\Generdyn - ATMOS - 02.wav,Generdyn - ATMOS - 02,"Generdyn, --, [LOOP] - --BPM, Dm, cinematic/tense","Generdyn, --, [LOOP] - --BPM, Dm, cinematic-tense.wav",45.06836734693878,0.0,0,Dm,4.139437531062969,Dm
104,film_scoring,Cinematic Samples (test)\Generdyn - ATMOS - 03.wav,Generdyn - ATMOS - 03,"Generdyn, --, [LOOP] - --BPM, Dm, cinematic/tense","Generdyn, --, [LOOP] - --BPM, Dm, cinematic-tense.wav",60.11718820861678,0.0,0,Dm,4.482772054105842,Dm
105,film_scoring,Cinematic Samples (test)\Generdyn - ATMOS - 04.wav,Generdyn - ATMOS - 04,"Generdyn, --, [LOOP] - 88BPM, Dm, cinematic/tense","Generdyn, --, [LOOP] - 88BPM, Dm, cinematic-tense.wav",22.470702947845805,87.5926906779661,88,Dm,4.1167455609912915,Dm
106,film_scoring,Cinematic Samples (test)\Generdyn - ATMOS - 05.wav,Generdyn - ATMOS - 05,"Generdyn, --, [LOOP] - 52BPM, Dm, cinematic/tense","Generdyn, --, [LOOP] - 52BPM, Dm, cinematic-tense.wav",30.93750566893424,51.6796875,52,Dm,5.007575821671448,Dm
107,film_scoring,Cinematic Samples (test)\Generdyn - ATMOS - 06.wav,Generdyn - ATMOS - 06,"Generdyn, --, [LOOP] - 75BPM, Dm, cinematic/tense","Generdyn, --, [LOOP] - 75BPM, Dm, cinematic-tense.wav",38.47655328798186,74.89809782608695,75,Dm,4.256305155734806,Dm
108,film_scoring,Cinematic Samples (test)\Generdyn - ATMOS - 07.wav,Generdyn - ATMOS - 07,"Generdyn, --, [LOOP] - 88BPM, Fm, cinematic/tense","Generdyn, --, [LOOP] - 88BPM, Fm, cinematic-tense.wav",29.990226757369616,87.5926906779661,88,Fm,3.763005449914807,Fm
109,film_scoring,Cinematic Samples (test)\Generdyn - ATMOS - 08.wav,Generdyn - ATMOS - 08,"Generdyn, --, [LOOP] - 129BPM, Dm, cinematic/tense","Generdyn, --, [LOOP] - 129BPM, Dm, cinematic-tense.wav",20.624988662131518,129.19921875,129,Dm,4.027638956995009,Dm
110,film_scoring,Cinematic Samples (test)\Generdyn - ATMOS - 09.wav,Generdyn - ATMOS - 09,"Generdyn, --, [LOOP] - 120BPM, Dm, cinematic/tense","Generdyn, --, [LOOP] - 120BPM, Dm, cinematic-tense.wav",15.0,120.18531976744185,120,Dm,4.00147218354684,Dm
111,film_scoring,Cinematic Samples (test)\Generdyn - ATMOS - 10.wav,Generdyn - ATMOS - 10,"Generdyn, --, [LOOP] - 98BPM, Dm, cinematic/tense","Generdyn, --, [LOOP] - 98BPM, Dm, cinematic-tense.wav",38.47412698412698,97.50884433962264,98,Dm,3.9581498346158597,Dm
112,film_scoring,Cinematic Samples (test)\Generdyn - ATMOS - 11.wav,Generdyn - ATMOS - 11,"Generdyn, --, [LOOP] - 91BPM, Dm, cinematic/tense","Generdyn, --, [LOOP] - 91BPM, Dm, cinematic-tense.wav",15.004875283446712,90.66611842105263,91,Dm,4.564407196459332,Dm
113,film_scoring,Cinematic Samples (test)\Generdyn - BRAMS - 02.wav,Generdyn - BRAMS - 02,"Generdyn, --, [LOOP] - 215BPM, C#m, cinematic/tense","Generdyn, --, [LOOP] - 215BPM, C#m, cinematic-tense.wav",2.8124943310657597,215.33203125,215,C#m,4.199892187177392,C#m
114,film_scoring,Cinematic Samples (test)\Generdyn - BRAMS - 03.wav,Generdyn - BRAMS - 03,"Generdyn, --, [LOOP] - 74BPM, Cm, cinematic/tense","Generdyn, --, [LOOP] - 74BPM, Cm, cinematic-tense.wav",3.75,73.828125,74,Cm,3.927765350438055,Cm
115,film_scoring,Cinematic Samples (test)\Generdyn - BRAMS - 04.wav,Generdyn - BRAMS - 04,"Generdyn, --, [LOOP] - 105BPM, Gm, cinematic/tense","Generdyn, --, [LOOP] - 105BPM, Gm, cinematic-tense.wav",3.9843764172335603,105.46875,105,Gm,3.8497737387204536,Gm
116,film_scoring,Cinematic Samples (test)\Generdyn - BRAMS - 05.wav,Generdyn - BRAMS - 05,"Generdyn, --, [LOOP] - 148BPM, F#m, cinematic/tense","Generdyn, --, [LOOP] - 148BPM, F#m, cinematic-tense.wav",3.9843764172335603,147.65625,148,F#m,3.899404844927059,F#m
117,film_scoring,Cinematic Samples (test)\Generdyn - BRAMS - 06.wav,Generdyn - BRAMS - 06,"Generdyn, --, [LOOP] - 126BPM, C#m, cinematic/tense","Generdyn, --, [LOOP] - 126BPM, C#m, cinematic-tense.wav",7.73437641723356,126.04801829268293,126,C#m,3.978687968799355,C#m
118,film_scoring,Cinematic Samples (test)\Generdyn - BRAMS - 07.wav,Generdyn - BRAMS - 07,"Generdyn, --, [LOOP] - 178BPM, Cm, cinematic/tense","Generdyn, --, [LOOP] - 178BPM, Cm, cinematic-tense.wav",2.8173922902494333,178.20581896551724,178,Cm,3.7421353351651185,Cm
119,film_scoring,Cinematic Samples (test)\Generdyn - BRAMS - 01.wav,Generdyn - BRAMS - 01,"Generdyn, --, [LOOP] - 258BPM, Dm, cinematic/tense","Generdyn, --, [LOOP] - 258BPM, Dm, cinematic-tense.wav",2.8564399092970523,258.3984375,258,Dm,3.988568002302902,Dm
120,film_scoring,Cinematic Samples (test)\01 Carlo Galliani - Fx - Positron [Sound Effects Vol.4].wav,01 Carlo Galliani - Fx - Positron [Sound Effects Vol.4],"01 Carlo Galliani, --, [LOOP] - 96BPM, D#m, cinematic/tense","01 Carlo Galliani, --, [LOOP] - 96BPM, D#m, cinematic-tense.wav",15.483877551020408,95.703125,96,D#m,3.846325731407615,D#m
121,film_scoring,Cinematic Samples (test)\01 Carlo Galliani - Fx- Beam [Sound Effects Vol.7].wav,01 Carlo Galliani - Fx- Beam [Sound Effects Vol.7],"01 Carlo Galliani, --, [LOOP] - 152BPM, Am, cinematic/tense","01 Carlo Galliani, --, [LOOP] - 152BPM, Am, cinematic-tense.wav",7.68,151.99908088235293,152,Am,3.755950369448984,Am
122,film_scoring,Cinematic Samples (test)\01 Carlo Galliani - Fx- Crazy Birds [Sound Effects Vol.5].wav,01 Carlo Galliani - Fx- Crazy Birds [Sound Effects Vol.5],"01 Carlo Galliani, --, [LOOP] - 235BPM, Dm, cinematic/tense","01 Carlo Galliani, --, [LOOP] - 235BPM, Dm, cinematic-tense.wav",8.0,234.90767045454547,235,Dm,3.7951565574514947,Dm
123,film_scoring,Cinematic Samples (test)\02 Carlo Galliani - Fx - Space Station [Sound Effects Vol.4].wav,02 Carlo Galliani - Fx - Space Station [Sound Effects Vol.4],"02 Carlo Galliani, --, [LOOP] - 133BPM, Dm, cinematic/tense","02 Carlo Galliani, --, [LOOP] - 133BPM, Dm, cinematic-tense.wav",15.483877551020408,132.51201923076923,133,Dm,3.893944280313422,Dm
124,film_scoring,Cinematic Samples (test)\02 Carlo Galliani - Fx- Bedlam [Sound Effects Vol.7].wav,02 Carlo Galliani - Fx- Bedlam [Sound Effects Vol.7],"02 Carlo Galliani, --, [LOOP] - 120BPM, D#m, cinematic/tense","02 Carlo Galliani, --, [LOOP] - 120BPM, D#m, cinematic-tense.wav",11.52,120.18531976744185,120,D#m,3.755406367102173,D#m
125,film_scoring,Cinematic Samples (test)\02 Carlo Galliani - Fx- Electro Rizer [Sound Effects Vol.5].wav,02 Carlo Galliani - Fx- Electro Rizer [Sound Effects Vol.5],"02 Carlo Galliani, --, [LOOP] - 157BPM, Gm, cinematic/tense","02 Carlo Galliani, --, [LOOP] - 157BPM, Gm, cinematic-tense.wav",8.0,156.60511363636363,157,Gm,3.772327944012889,Gm
126,film_scoring,Cinematic Samples (test)\03 Carlo Galliani - Fx - UFO [Sound Effects Vol.4].wav,03 Carlo Galliani - Fx - UFO [Sound Effects Vol.4],"03 Carlo Galliani, --, [LOOP] - 157BPM, Dm, cinematic/tense","03 Carlo Galliani, --, [LOOP] - 157BPM, Dm, cinematic-tense.wav",7.741927437641723,156.60511363636363,157,Dm,3.814688405777204,Dm
127,film_scoring,Cinematic Samples (test)\03 Carlo Galliani - Fx- Broken Bells [Sound Effects Vol.7].wav,03 Carlo Galliani - Fx- Broken Bells [Sound Effects Vol.7],"03 Carlo Galliani, --, [LOOP] - 120BPM, Cm, cinematic/tense","03 Carlo Galliani, --, [LOOP] - 120BPM, Cm, cinematic-tense.wav",3.84,120.18531976744185,120,Cm,4.027606659426305,Cm
128,film_scoring,Cinematic Samples (test)\03 Carlo Galliani - Fx- Flange Combo [Sound Effects Vol.5].wav,03 Carlo Galliani - Fx- Flange Combo [Sound Effects Vol.5],"03 Carlo Galliani, --, [LOOP] - 115BPM, Em, cinematic/tense","03 Carlo Galliani, --, [LOOP] - 115BPM, Em, cinematic-tense.wav",8.0,114.84375,115,Em,4.246910279601711,Em
129,film_scoring,Cinematic Samples (test)\04 Carlo Galliani - Fx - Whoosh [Sound Effects Vol.4].wav,04 Carlo Galliani - Fx - Whoosh [Sound Effects Vol.4],"04 Carlo Galliani, --, [LOOP] - 129BPM, Cm, cinematic/tense","04 Carlo Galliani, --, [LOOP] - 129BPM, Cm, cinematic-tense.wav",7.741927437641723,129.19921875,129,Cm,3.756061015632771,Cm
130,film_scoring,Cinematic Samples (test)\04 Carlo Galliani - Fx- Broken Transmission [Sound Effects Vol.7].wav,04 Carlo Galliani - Fx- Broken Transmission [Sound Effects Vol.7],"04 Carlo Galliani, --, [LOOP] - 140BPM, C#m, cinematic/tense","04 Carlo Galliani, --, [LOOP] - 140BPM, C#m, cinematic-tense.wav",11.52,139.6748310810811,140,C#m,3.73539371193957,C#m
131,film_scoring,Cinematic Samples (test)\04 Carlo Galliani - Fx- Flyby [Sound Effects Vol.5].wav,04 Carlo Galliani - Fx- Flyby [Sound Effects Vol.5],"04 Carlo Galliani, --, [LOOP] - 120BPM, Am, cinematic/tense","04 Carlo Galliani, --, [LOOP] - 120BPM, Am, cinematic-tense.wav",8.0,120.18531976744185,120,Am,3.7720783064026784,Am
132,film_scoring,Cinematic Samples (test)\05 Carlo Galliani - Fx - Wormhole [Sound Effects Vol.4].wav,05 Carlo Galliani - Fx - Wormhole [Sound Effects Vol.4],"05 Carlo Galliani, --, [LOOP] - 144BPM, Am, cinematic/tense","05 Carlo Galliani, --, [LOOP] - 144BPM, Am, cinematic-tense.wav",15.483877551020408,143.5546875,144,Am,4.062169592885754,Am
133,film_scoring,Cinematic Samples (test)\05 Carlo Galliani - Fx- Crashing [Sound Effects Vol.7].wav,05 Carlo Galliani - Fx- Crashing [Sound Effects Vol.7],"05 Carlo Galliani, --, [LOOP] - --BPM, Cm, cinematic/tense","05 Carlo Galliani, --, [LOOP] - --BPM, Cm, cinematic-tense.wav",3.84,0.0,0,Cm,3.8854638811598265,Cm
134,film_scoring,Cinematic Samples (test)\05 Carlo Galliani - Fx- Growl [Sound Effects Vol.5].wav,05 Carlo Galliani - Fx- Growl [Sound Effects Vol.5],"05 Carlo Galliani, --, [LOOP] - --BPM, Dm, cinematic/tense","05 Carlo Galliani, --, [LOOP] - --BPM, Dm, cinematic-tense.wav",8.0,0.0,0,Dm,3.999774464331358,Dm
135,film_scoring,Cinematic Samples (test)\06 Carlo Galliani - Fx - Apha [Sound Effects Vol.4].wav,06 Carlo Galliani - Fx - Apha [Sound Effects Vol.4],"06 Carlo Galliani, --, [LOOP] - 178BPM, C#m, cinematic/tense","06 Carlo Galliani, --, [LOOP] - 178BPM, C#m, cinematic-tense.wav",8.0,178.20581896551724,178,C#m,3.74626097890969,C#m
136,film_scoring,Cinematic Samples (test)\06 Carlo Galliani - Fx- Crazy Tom [Sound Effects Vol.7].wav,06 Carlo Galliani - Fx- Crazy Tom [Sound Effects Vol.7],"06 Carlo Galliani, --, [LOOP] - 120BPM, C#m, cinematic/tense","06 Carlo Galliani, --, [LOOP] - 120BPM, C#m, cinematic-tense.wav",3.84,120.18531976744185,120,C#m,4.039529549047871,C#m
137,film_scoring,Cinematic Samples (test)\06 Carlo Galliani - Fx- Leader [Sound Effects Vol.5].wav,06 Carlo Galliani - Fx- Leader [Sound Effects Vol.5],"06 Carlo Galliani, --, [LOOP] - 120BPM, E, cinematic/tense","06 Carlo Galliani, --, [LOOP] - 120BPM, E, cinematic-tense.wav",8.0,120.18531976744185,120,E,4.969668839829567,E
138,film_scoring,Cinematic Samples (test)\07 Carlo Galliani - Fx - Bounce [Sound Effects Vol.4].wav,07 Carlo Galliani - Fx - Bounce [Sound Effects Vol.4],"07 Carlo Galliani, --, [LOOP] - 144BPM, Cm, cinematic/tense","07 Carlo Galliani, --, [LOOP] - 144BPM, Cm, cinematic-tense.wav",8.0,143.5546875,144,Cm,3.7430952026553457,Cm
139,film_scoring,Cinematic Samples (test)\07 Carlo Galliani - Fx- Dance Sample [Sound Effects Vol.7].wav,07 Carlo Galliani - Fx- Dance Sample [Sound Effects Vol.7],"07 Carlo Galliani, --, [LOOP] - 199BPM, Dm, cinematic/tense","07 Carlo Galliani, --, [LOOP] - 199BPM, Dm, cinematic-tense.wav",3.84,198.76802884615384,199,Dm,3.8532709807921015,Dm
140,film_scoring,Cinematic Samples (test)\07 Carlo Galliani - Fx- Machine [Sound Effects Vol.5].wav,07 Carlo Galliani - Fx- Machine [Sound Effects Vol.5],"07 Carlo Galliani, --, [LOOP] - 117BPM, C#m, cinematic/tense","07 Carlo Galliani, --, [LOOP] - 117BPM, C#m, cinematic-tense.wav",8.0,117.45383522727273,117,C#m,3.768637588899332,C#m
141,film_scoring,Cinematic Samples (test)\08 Carlo Galliani - Fx- Air [Sound Effects Vol.4].wav,08 Carlo Galliani - Fx- Air [Sound Effects Vol.4],"08 Carlo Galliani, --, [LOOP] - 152BPM, Em, cinematic/tense","08 Carlo Galliani, --, [LOOP] - 152BPM, Em, cinematic-tense.wav",8.0,151.99908088235293,152,Em,5.023767984966676,Em
142,film_scoring,Cinematic Samples (test)\08 Carlo Galliani - Fx- Data Transmission [Sound Effects Vol.7].wav,08 Carlo Galliani - Fx- Data Transmission [Sound Effects Vol.7],"08 Carlo Galliani, --, [LOOP] - 115BPM, Am, cinematic/tense","08 Carlo Galliani, --, [LOOP] - 115BPM, Am, cinematic-tense.wav",7.68,114.84375,115,Am,3.7388136335411755,Am
143,film_scoring,Cinematic Samples (test)\08 Carlo Galliani - Fx- Muted Combo [Sound Effects Vol.5].wav,08 Carlo Galliani - Fx- Muted Combo [Sound Effects Vol.5],"08 Carlo Galliani, --, [LOOP] - --BPM, Em, cinematic/tense","08 Carlo Galliani, --, [LOOP] - --BPM, Em, cinematic-tense.wav",8.0,0.0,0,Em,3.880031647973015,Em
144,film_scoring,Cinematic Samples (test)\09 Carlo Galliani - Fx- Combo [Sound Effects Vol.4].wav,09 Carlo Galliani - Fx- Combo [Sound Effects Vol.4],"09 Carlo Galliani, --, [LOOP] - 191BPM, Dm, cinematic/tense","09 Carlo Galliani, --, [LOOP] - 191BPM, Dm, cinematic-tense.wav",8.0,191.40625,191,Dm,3.8036509541947985,Dm
145,film_scoring,Cinematic Samples (test)\09 Carlo Galliani - Fx- Detuner [Sound Effects Vol.7].wav,09 Carlo Galliani - Fx- Detuner [Sound Effects Vol.7],"09 Carlo Galliani, --, [LOOP] - --BPM, Cm, cinematic/tense","09 Carlo Galliani, --, [LOOP] - --BPM, Cm, cinematic-tense.wav",11.52,0.0,0,Cm,4.036170461133839,Cm
146,film_scoring,Cinematic Samples (test)\09 Carlo Galliani - Fx- Razor [Sound Effects Vol.5].wav,09 Carlo Galliani - Fx- Razor [Sound Effects Vol.5],"09 Carlo Galliani, --, [LOOP] - 140BPM, Cm, cinematic/tense","09 Carlo Galliani, --, [LOOP] - 140BPM, Cm, cinematic-tense.wav",8.0,139.6748310810811,140,Cm,3.740773272614858,Cm
147,film_scoring,Cinematic Samples (test)\10 Carlo Galliani - Fx- Combo 2 [Sound Effects Vol.4].wav,10 Carlo Galliani - Fx- Combo 2 [Sound Effects Vol.4],"10 Carlo Galliani, --, [LOOP] - 133BPM, Gm, cinematic/tense","10 Carlo Galliani, --, [LOOP] - 133BPM, Gm, cinematic-tense.wav",8.0,132.51201923076923,133,Gm,3.7408687415804938,Gm
148,film_scoring,Cinematic Samples (test)\10 Carlo Galliani - Fx- Electronic War [Sound Effects Vol.7].wav,10 Carlo Galliani - Fx- Electronic War [Sound Effects Vol.7],"10 Carlo Galliani, --, [LOOP] - 167BPM, Em, cinematic/tense","10 Carlo Galliani, --, [LOOP] - 167BPM, Em, cinematic-tense.wav",11.52,166.70866935483872,167,Em,3.8652854883418355,Em
149,film_scoring,Cinematic Samples (test)\10 Carlo Galliani - Fx- Shutdown [Sound Effects Vol.5].wav,10 Carlo Galliani - Fx- Shutdown [Sound Effects Vol.5],"10 Carlo Galliani, --, [LOOP] - 115BPM, Am, cinematic/tense","10 Carlo Galliani, --, [LOOP] - 115BPM, Am, cinematic-tense.wav",8.0,114.84375,115,Am,3.7608746476063373,Am
150,film_scoring,Cinematic Samples (test)\11 Carlo Galliani - Fx- Combo 3 [Sound Effects Vol.4].wav,11 Carlo Galliani - Fx- Combo 3 [Sound Effects Vol.4],"11 Carlo Galliani, --, [LOOP] - 126BPM, D#m, cinematic/tense","11 Carlo Galliani, --, [LOOP] - 126BPM, D#m, cinematic-tense.wav",8.0,126.04801829268293,126,D#m,3.860962236559087,D#m
151,film_scoring,Cinematic Samples (test)\11 Carlo Galliani - Fx- Engine Start [Sound Effects Vol.7].wav,11 Carlo Galliani - Fx- Engine Start [Sound Effects Vol.7],"11 Carlo Galliani, --, [LOOP] - 178BPM, Cm, cinematic/tense","11 Carlo Galliani, --, [LOOP] - 178BPM, Cm, cinematic-tense.wav",15.359916666666667,178.20581896551724,178,Cm,3.7537534231433356,Cm
152,film_scoring,Cinematic Samples (test)\12 Carlo Galliani - Fx- Error [Sound Effects Vol.7].wav,12 Carlo Galliani - Fx- Error [Sound Effects Vol.7],"12 Carlo Galliani, --, [LOOP] - 148BPM, Fm, cinematic/tense","12 Carlo Galliani, --, [LOOP] - 148BPM, Fm, cinematic-tense.wav",15.359916666666667,147.65625,148,Fm,4.015106041558147,Fm
153,film_scoring,Cinematic Samples (test)\Airplane-Over-Crowd-01.wav,Airplane-Over-Crowd-01,"Airplane-Over-Crowd-01, --, [LOOP] - 157BPM, Bm, cinematic/tense","Airplane-Over-Crowd-01, --, [LOOP] - 157BPM, Bm, cinematic-tense.wav",26.0,156.60511363636363,157,Bm,3.779911081865631,Bm
154,film_scoring,Cinematic Samples (test)\Apollo-11-Eagle-Has-Landed.wav,Apollo-11-Eagle-Has-Landed,"Apollo-11-Eagle-Has-Landed, --, [LOOP] - 85BPM, A#m, cinematic/tense","Apollo-11-Eagle-Has-Landed, --, [LOOP] - 85BPM, A#m, cinematic-tense.wav",5.364,84.72079918032787,85,A#m,3.8292341812090873,A#m
155,film_scoring,Cinematic Samples (test)\Apollo-11-Eagle-Has-Landed-Extended.wav,Apollo-11-Eagle-Has-Landed-Extended,"Apollo-11-Eagle-Has-Landed-Extended, --, [LOOP] - 115BPM, Em, cinematic/tense","Apollo-11-Eagle-Has-Landed-Extended, --, [LOOP] - 115BPM, Em, cinematic-tense.wav",14.811428571428571,114.84375,115,Em,3.9383788361044165,Em
156,film_scoring,Cinematic Samples (test)\Apollo-11-Thats-One-Small-Step-for-a-Man.wav,Apollo-11-Thats-One-Small-Step-for-a-Man,"Apollo-11-Thats-One-Small-Step-for-a-Man, --, [LOOP] - 55BPM, A#m, cinematic/tense","Apollo-11-Thats-One-Small-Step-for-a-Man, --, [LOOP] - 55BPM, A#m, cinematic-tense.wav",12.982857142857142,54.978390957446805,55,A#m,3.9843857345636358,A#m
157,film_scoring,Cinematic Samples (test)\Apollo-11-We-Have-a-Lift-Off.wav,Apollo-11-We-Have-a-Lift-Off,"Apollo-11-We-Have-a-Lift-Off, --, [LOOP] - 99BPM, Dm, cinematic/tense","Apollo-11-We-Have-a-Lift-Off, --, [LOOP] - 99BPM, Dm, cinematic-tense.wav",24.816326530612244,99.38401442307692,99,Dm,3.8090285996745084,Dm
158,film_scoring,Cinematic Samples (test)\Apollo-12-All-Weather-Testing.wav,Apollo-12-All-Weather-Testing,"Apollo-12-All-Weather-Testing, --, [LOOP] - 62BPM, A#m, cinematic/tense","Apollo-12-All-Weather-Testing, --, [LOOP] - 62BPM, A#m, cinematic-tense.wav",4.4373469387755105,61.5234375,62,A#m,3.9415035696553424,A#m
159,film_scoring,Cinematic Samples (test)\Apollo-13-Houston-Weve-Had-a-Problem.wav,Apollo-13-Houston-Weve-Had-a-Problem,"Apollo-13-Houston-Weve-Had-a-Problem, --, [LOOP] - 136BPM, Bm, cinematic/tense","Apollo-13-Houston-Weve-Had-a-Problem, --, [LOOP] - 136BPM, Bm, cinematic-tense.wav",17.03920634920635,135.99917763157896,136,Bm,3.781405244688723,Bm
160,film_scoring,Cinematic Samples (test)\Bell-Pitch-Up.wav,Bell-Pitch-Up,"Bell-Pitch-Up, --, [LOOP] - 123BPM, Em, cinematic/tense","Bell-Pitch-Up, --, [LOOP] - 123BPM, Em, cinematic-tense.wav",1.3973333333333333,123.046875,123,Em,3.957993011995917,Em
161,film_scoring,Cinematic Samples (test)\Bell-Pitch-Up-And-Down.wav,Bell-Pitch-Up-And-Down,"Bell-Pitch-Up-And-Down, --, [LOOP] - 126BPM, Em, cinematic/tense","Bell-Pitch-Up-And-Down, --, [LOOP] - 126BPM, Em, cinematic-tense.wav",1.6533333333333333,126.04801829268293,126,Em,3.8306642082250577,Em
162,film_scoring,Cinematic Samples (test)\Birds-Chirping-Owl-Hooting.wav,Birds-Chirping-Owl-Hooting,"Birds-Chirping-Owl-Hooting, --, [LOOP] - 108BPM, Fm, cinematic/tense","Birds-Chirping-Owl-Hooting, --, [LOOP] - 108BPM, Fm, cinematic-tense.wav",6.773333333333333,107.666015625,108,Fm,3.7592256015571706,Fm
163,film_scoring,Cinematic Samples (test)\Cassini-Enceladus-Sound.wav,Cassini-Enceladus-Sound,"Cassini-Enceladus-Sound, --, [LOOP] - 129BPM, Dm, cinematic/tense","Cassini-Enceladus-Sound, --, [LOOP] - 129BPM, Dm, cinematic-tense.wav",10.68095238095238,129.19921875,129,Dm,3.748741957249428,Dm
164,film_scoring,Cinematic Samples (test)\Cassini-Saturn-Radio-Emissions-1.wav,Cassini-Saturn-Radio-Emissions-1,"Cassini-Saturn-Radio-Emissions-1, --, [LOOP] - 11BPM, C#m, cinematic/tense","Cassini-Saturn-Radio-Emissions-1, --, [LOOP] - 11BPM, C#m, cinematic-tense.wav",19.305375,11.358173076923077,11,C#m,3.738973607427695,C#m
165,film_scoring,Cinematic Samples (test)\Cassini-Saturn-Radio-Emissions-2.wav,Cassini-Saturn-Radio-Emissions-2,"Cassini-Saturn-Radio-Emissions-2, --, [LOOP] - 115BPM, Dm, cinematic/tense","Cassini-Saturn-Radio-Emissions-2, --, [LOOP] - 115BPM, Dm, cinematic-tense.wav",12.975,114.84375,115,Dm,3.728027891210824,Dm
166,film_scoring,Cinematic Samples (test)\Cassini-Shields-Up.wav,Cassini-Shields-Up,"Cassini-Shields-Up, --, [LOOP] - 126BPM, Fm, cinematic/tense","Cassini-Shields-Up, --, [LOOP] - 126BPM, Fm, cinematic-tense.wav",38.35936507936508,126.04801829268293,126,Fm,3.7372713799377424,Fm
167,film_scoring,Cinematic Samples (test)\Chorus-Radio-Waves-within-Earths-Atmosphere.wav,Chorus-Radio-Waves-within-Earths-Atmosphere,"Chorus-Radio-Waves-within-Earths-Atmosphere, --, [LOOP] - 120BPM, F#m, cinematic/tense","Chorus-Radio-Waves-within-Earths-Atmosphere, --, [LOOP] - 120BPM, F#m, cinematic-tense.wav",29.88408163265306,120.18531976744185,120,F#m,3.7567260425170796,F#m
168,film_scoring,Cinematic Samples (test)\Computers-are-in-Control.wav,Computers-are-in-Control,"Computers-are-in-Control, --, [LOOP] - 112BPM, G#m, cinematic/tense","Computers-are-in-Control, --, [LOOP] - 112BPM, G#m, cinematic-tense.wav",4.179591836734694,112.34714673913044,112,G#m,3.8171312558623507,G#m
169,film_scoring,Cinematic Samples (test)\Corner-Cafe-Traffic.wav,Corner-Cafe-Traffic,"Corner-Cafe-Traffic, --, [LOOP] - 115BPM, F#m, cinematic/tense","Corner-Cafe-Traffic, --, [LOOP] - 115BPM, F#m, cinematic-tense.wav",26.229479166666668,114.84375,115,F#m,3.7531989963214474,F#m
170,film_scoring,Cinematic Samples (test)\Delta-IV-Launch.wav,Delta-IV-Launch,"Delta-IV-Launch, --, [LOOP] - 117BPM, Cm, cinematic/tense","Delta-IV-Launch, --, [LOOP] - 117BPM, Cm, cinematic-tense.wav",30.03,117.45383522727273,117,Cm,3.728965479381077,Cm
171,film_scoring,Cinematic Samples (test)\DEMO.mp3,DEMO,"DEMO, --, [LOOP] - 120BPM, Dm, cinematic/tense","DEMO, --, [LOOP] - 120BPM, Dm, cinematic-tense.mp3",64.10730158730159,120.18531976744185,120,Dm,3.816735444321925,Dm
172,film_scoring,Cinematic Samples (test)\Downpour.wav,Downpour,"Downpour, --, [LOOP] - 117BPM, Bm, cinematic/tense","Downpour, --, [LOOP] - 117BPM, Bm, cinematic-tense.wav",42.00533333333333,117.45383522727273,117,Bm,3.7164128511101944,Bm
173,film_scoring,Cinematic Samples (test)\Early-Satellite-Communications-Project-Relay.wav,Early-Satellite-Communications-Project-Relay,"Early-Satellite-Communications-Project-Relay, --, [LOOP] - 133BPM, A#m, cinematic/tense","Early-Satellite-Communications-Project-Relay, --, [LOOP] - 133BPM, A#m, cinematic-tense.wav",498.7181859410431,132.51201923076923,133,A#m,3.8715288057661326,A#m
174,film_scoring,Cinematic Samples (test)\Go-at-Throttle-Up.wav,Go-at-Throttle-Up,"Go-at-Throttle-Up, --, [LOOP] - 66BPM, Bm, cinematic/tense","Go-at-Throttle-Up, --, [LOOP] - 66BPM, Bm, cinematic-tense.wav",1.750204081632653,66.25600961538461,66,Bm,3.865260826695062,Bm
175,film_scoring,Cinematic Samples (test)\Harp-Flutter-02.wav,Harp-Flutter-02,"Harp-Flutter-02, --, [LOOP] - 191BPM, Fm, cinematic/tense","Harp-Flutter-02, --, [LOOP] - 191BPM, Fm, cinematic-tense.wav",5.201270833333333,191.40625,191,Fm,4.4129601981797215,Fm
176,film_scoring,Cinematic Samples (test)\High-Metal-Bell-01.wav,High-Metal-Bell-01,"High-Metal-Bell-01, --, [LOOP] - 123BPM, Am, cinematic/tense","High-Metal-Bell-01, --, [LOOP] - 123BPM, Am, cinematic-tense.wav",13.4526875,123.046875,123,Am,4.841113699129516,Am
177,film_scoring,Cinematic Samples (test)\Jet-Flyover-Distant-Birds.wav,Jet-Flyover-Distant-Birds,"Jet-Flyover-Distant-Birds, --, [LOOP] - 117BPM, C#m, cinematic/tense","Jet-Flyover-Distant-Birds, --, [LOOP] - 117BPM, C#m, cinematic-tense.wav",38.158854166666664,117.45383522727273,117,C#m,3.739408906125517,C#m
178,film_scoring,Cinematic Samples (test)\JFK-Return-Him-Safely-to-Earth.wav,JFK-Return-Him-Safely-to-Earth,"JFK-Return-Him-Safely-to-Earth, --, [LOOP] - 115BPM, Bm, cinematic/tense","JFK-Return-Him-Safely-to-Earth, --, [LOOP] - 115BPM, Bm, cinematic-tense.wav",10.86984126984127,114.84375,115,Bm,3.7741277188041353,Bm
179,film_scoring,Cinematic Samples (test)\JFK-We-Choose-the-Moon.wav,JFK-We-Choose-the-Moon,"JFK-We-Choose-the-Moon, --, [LOOP] - 123BPM, Bm, cinematic/tense","JFK-We-Choose-the-Moon, --, [LOOP] - 123BPM, Bm, cinematic-tense.wav",27.022244897959183,123.046875,123,Bm,3.8518498509151224,Bm
180,film_scoring,Cinematic Samples (test)\JFK-We-Choose-the-Moon-with-Apollo-11-Launch.wav,JFK-We-Choose-the-Moon-with-Apollo-11-Launch,"JFK-We-Choose-the-Moon-with-Apollo-11-Launch, --, [LOOP] - 136BPM, A#m, cinematic/tense","JFK-We-Choose-the-Moon-with-Apollo-11-Launch, --, [LOOP] - 136BPM, A#m, cinematic-tense.wav",20.08816326530612,135.99917763157896,136,A#m,3.872159894965769,A#m
181,film_scoring,Cinematic Samples (test)\Juno-Crossing-Jupiters-Bow-Shock.wav,Juno-Crossing-Jupiters-Bow-Shock,"Juno-Crossing-Jupiters-Bow-Shock, --, [LOOP] - 120BPM, C#m, cinematic/tense","Juno-Crossing-Jupiters-Bow-Shock, --, [LOOP] - 120BPM, C#m, cinematic-tense.wav",13.815918367346939,120.18531976744185,120,C#m,3.7234657967042626,C#m
182,film_scoring,Cinematic Samples (test)\Juno-Morse-code-HI-received-from-Earth.wav,Juno-Morse-code-HI-received-from-Earth,"Juno-Morse-code-HI-received-from-Earth, --, [LOOP] - 120BPM, Gm, cinematic/tense","Juno-Morse-code-HI-received-from-Earth, --, [LOOP] - 120BPM, Gm, cinematic-tense.wav",1.593469387755102,120.18531976744185,120,Gm,3.8239200681878285,Gm
183,film_scoring,Cinematic Samples (test)\Jupiters-Largest-Moon-Ganymede.wav,Jupiters-Largest-Moon-Ganymede,"Jupiters-Largest-Moon-Ganymede, --, [LOOP] - 117BPM, C#m, cinematic/tense","Jupiters-Largest-Moon-Ganymede, --, [LOOP] - 117BPM, C#m, cinematic-tense.wav",59.3037641723356,117.45383522727273,117,C#m,3.73101365083744,C#m
184,film_scoring,Cinematic Samples (test)\Jupiter-Sounds-2001.wav,Jupiter-Sounds-2001,"Jupiter-Sounds-2001, --, [LOOP] - 92BPM, Dm, cinematic/tense","Jupiter-Sounds-2001, --, [LOOP] - 92BPM, Dm, cinematic-tense.wav",87.21414965986395,92.28515625,92,Dm,3.727672328541981,Dm
185,film_scoring,Cinematic Samples (test)\Kepler-Star-KIC7671081B-Light-Curve-Waves-to-Sound.wav,Kepler-Star-KIC7671081B-Light-Curve-Waves-to-Sound,"Kepler-Star-KIC7671081B-Light-Curve-Waves-to-Sound, --, [LOOP] - 161BPM, F, cinematic/tense","Kepler-Star-KIC7671081B-Light-Curve-Waves-to-Sound, --, [LOOP] - 161BPM, F, cinematic-tense.wav",20.484375,161.4990234375,161,F,5.4007346470248265,F
186,film_scoring,Cinematic Samples (test)\Kepler-Star-KIC12268220C-Light-Curve-Waves-to-Sound.wav,Kepler-Star-KIC12268220C-Light-Curve-Waves-to-Sound,"Kepler-Star-KIC12268220C-Light-Curve-Waves-to-Sound, --, [LOOP] - 43BPM, A#m, cinematic/tense","Kepler-Star-KIC12268220C-Light-Curve-Waves-to-Sound, --, [LOOP] - 43BPM, A#m, cinematic-tense.wav",6.9609375,43.06640625,43,A#m,3.9217573865566577,A#m
187,film_scoring,Cinematic Samples (test)\Large-Room-Vents.wav,Large-Room-Vents,"Large-Room-Vents, --, [LOOP] - 123BPM, A#m, cinematic/tense","Large-Room-Vents, --, [LOOP] - 123BPM, A#m, cinematic-tense.wav",61.456,123.046875,123,A#m,3.7726959660246266,A#m
188,film_scoring,Cinematic Samples (test)\Lookin-At-It.wav,Lookin-At-It,"Lookin-At-It, --, [LOOP] - 140BPM, Bm, cinematic/tense","Lookin-At-It, --, [LOOP] - 140BPM, Bm, cinematic-tense.wav",2.403265306122449,139.6748310810811,140,Bm,3.7996080939618295,Bm
189,film_scoring,Cinematic Samples (test)\Mall-Crowd-Distant-Birds.wav,Mall-Crowd-Distant-Birds,"Mall-Crowd-Distant-Birds, --, [LOOP] - 178BPM, Dm, cinematic/tense","Mall-Crowd-Distant-Birds, --, [LOOP] - 178BPM, Dm, cinematic-tense.wav",32.45547916666667,178.20581896551724,178,Dm,3.7483144496508154,Dm
190,film_scoring,Cinematic Samples (test)\MECO.wav,MECO,"MECO, --, [LOOP] - 86BPM, Bm, cinematic/tense","MECO, --, [LOOP] - 86BPM, Bm, cinematic-tense.wav",3.1608163265306124,86.1328125,86,Bm,3.9106259428051513,Bm
191,film_scoring,Cinematic Samples (test)\Mercury-6-God-Speed.wav,Mercury-6-God-Speed,"Mercury-6-God-Speed, --, [LOOP] - 161BPM, G#m, cinematic/tense","Mercury-6-God-Speed, --, [LOOP] - 161BPM, G#m, cinematic-tense.wav",2.2186848072562357,161.4990234375,161,G#m,3.77724669435848,G#m
192,film_scoring,Cinematic Samples (test)\Mercury-7-Fireflies.wav,Mercury-7-Fireflies,"Mercury-7-Fireflies, --, [LOOP] - 61BPM, Fm, cinematic/tense","Mercury-7-Fireflies, --, [LOOP] - 61BPM, Fm, cinematic-tense.wav",2.602675736961451,60.799632352941174,61,Fm,3.7565612455252544,Fm
193,film_scoring,Cinematic Samples (test)\Muted-Traffic-Rumble.wav,Muted-Traffic-Rumble,"Muted-Traffic-Rumble, --, [LOOP] - 117BPM, Am, cinematic/tense","Muted-Traffic-Rumble, --, [LOOP] - 117BPM, Am, cinematic-tense.wav",119.31545833333334,117.45383522727273,117,Am,3.7938283787254297,Am
194,film_scoring,Cinematic Samples (test)\Nice-to-be-in-Orbit.wav,Nice-to-be-in-Orbit,"Nice-to-be-in-Orbit, --, [LOOP] - 94BPM, Bm, cinematic/tense","Nice-to-be-in-Orbit, --, [LOOP] - 94BPM, Bm, cinematic-tense.wav",5.616326530612245,93.96306818181819,94,Bm,3.846421411792768,Bm
195,film_scoring,Cinematic Samples (test)\On-its-way-to-Orbit.wav,On-its-way-to-Orbit,"On-its-way-to-Orbit, --, [LOOP] - 120BPM, G#m, cinematic/tense","On-its-way-to-Orbit, --, [LOOP] - 120BPM, G#m, cinematic-tense.wav",7.471020408163265,120.18531976744185,120,G#m,3.80331664475192,G#m
196,film_scoring,Cinematic Samples (test)\Plasmaspheric-Hiss.wav,Plasmaspheric-Hiss,"Plasmaspheric-Hiss, --, [LOOP] - 133BPM, C#m, cinematic/tense","Plasmaspheric-Hiss, --, [LOOP] - 133BPM, C#m, cinematic-tense.wav",12.31813654618474,132.51201923076923,133,C#m,3.7230272924253573,C#m
197,film_scoring,Cinematic Samples (test)\Press-to-ATO.wav,Press-to-ATO,"Press-to-ATO, --, [LOOP] - 152BPM, Bm, cinematic/tense","Press-to-ATO, --, [LOOP] - 152BPM, Bm, cinematic-tense.wav",2.5338775510204083,151.99908088235293,152,Bm,3.976457969974012,Bm
198,film_scoring,Cinematic Samples (test)\Quindar-Sound-2.wav,Quindar-Sound-2,"Quindar-Sound-2, --, [LOOP] - 96BPM, Cm, cinematic/tense","Quindar-Sound-2, --, [LOOP] - 96BPM, Cm, cinematic-tense.wav",24.17315192743764,95.703125,96,Cm,3.758225414034657,Cm
199,film_scoring,Cinematic Samples (test)\Radar-Echoes-From-Titans-Surface.wav,Radar-Echoes-From-Titans-Surface,"Radar-Echoes-From-Titans-Surface, --, [LOOP] - 136BPM, C#m, cinematic/tense","Radar-Echoes-From-Titans-Surface, --, [LOOP] - 136BPM, C#m, cinematic-tense.wav",63.58204081632653,135.99917763157896,136,C#m,3.7965826831386984,C#m
200,film_scoring,Cinematic Samples (test)\Rain-Under-Umbrella.wav,Rain-Under-Umbrella,"Rain-Under-Umbrella, --, [LOOP] - 140BPM, Gm, cinematic/tense","Rain-Under-Umbrella, --, [LOOP] - 140BPM, Gm, cinematic-tense.wav",34.99222916666667,139.6748310810811,140,Gm,3.7184570053911816,Gm
201,film_scoring,Cinematic Samples (test)\Rainy-Porch.wav,Rainy-Porch,"Rainy-Porch, --, [LOOP] - 103BPM, Bm, cinematic/tense","Rainy-Porch, --, [LOOP] - 103BPM, Bm, cinematic-tense.wav",43.088,103.359375,103,Bm,3.733718738412273,Bm
202,film_scoring,Cinematic Samples (test)\Rainy-Streetcorner.wav,Rainy-Streetcorner,"Rainy-Streetcorner, --, [LOOP] - 140BPM, Bm, cinematic/tense","Rainy-Streetcorner, --, [LOOP] - 140BPM, Bm, cinematic-tense.wav",67.66266666666667,139.6748310810811,140,Bm,3.7214904710839876,Bm
203,film_scoring,Cinematic Samples (test)\Rubber-Shoes-on-Rug.wav,Rubber-Shoes-on-Rug,"Rubber-Shoes-on-Rug, --, [LOOP] - 120BPM, A#m, cinematic/tense","Rubber-Shoes-on-Rug, --, [LOOP] - 120BPM, A#m, cinematic-tense.wav",37.83564583333333,120.18531976744185,120,A#m,3.763725034563866,A#m
204,film_scoring,Cinematic Samples (test)\Sad-Strings.wav,Sad-Strings,"Sad-Strings, --, [LOOP] - 199BPM, Fm, cinematic/tense","Sad-Strings, --, [LOOP] - 199BPM, Fm, cinematic-tense.wav",30.599625,198.76802884615384,199,Fm,4.945457840454452,Fm
205,film_scoring,Cinematic Samples (test)\Speeding-Through-Titans-Haze.wav,Speeding-Through-Titans-Haze,"Speeding-Through-Titans-Haze, --, [LOOP] - 58BPM, C#m, cinematic/tense","Speeding-Through-Titans-Haze, --, [LOOP] - 58BPM, C#m, cinematic-tense.wav",102.528,58.067064606741575,58,C#m,3.7840630209998967,C#m
206,film_scoring,Cinematic Samples (test)\Sputnik-Beep.wav,Sputnik-Beep,"Sputnik-Beep, --, [LOOP] - 112BPM, Bm, cinematic/tense","Sputnik-Beep, --, [LOOP] - 112BPM, Bm, cinematic-tense.wav",4.392,112.34714673913044,112,Bm,3.8038835404235556,Bm
207,film_scoring,Cinematic Samples (test)\STS-7-That-Was-Definitely-an-E-ticket.wav,STS-7-That-Was-Definitely-an-E-ticket,"STS-7-That-Was-Definitely-an-E-ticket, --, [LOOP] - 99BPM, E, cinematic/tense","STS-7-That-Was-Definitely-an-E-ticket, --, [LOOP] - 99BPM, E, cinematic-tense.wav",17.23734693877551,99.38401442307692,99,Bm,3.8399230170470258,Bm
208,film_scoring,Cinematic Samples (test)\STS-26-Liftoff.wav,STS-26-Liftoff,"STS-26-Liftoff, --, [LOOP] - 129BPM, Cm, cinematic/tense","STS-26-Liftoff, --, [LOOP] - 129BPM, Cm, cinematic-tense.wav",10.997551020408164,129.19921875,129,Cm,3.7340209655966268,Cm
209,film_scoring,Cinematic Samples (test)\STS-41D-Liftoff.wav,STS-41D-Liftoff,"STS-41D-Liftoff, --, [LOOP] - 89BPM, D#m, cinematic/tense","STS-41D-Liftoff, --, [LOOP] - 89BPM, D#m, cinematic-tense.wav",7.000816326530612,89.10290948275862,89,D#m,3.7962418256320576,D#m
210,film_scoring,Cinematic Samples (test)\STS-131-Sound-of-Launch.wav,STS-131-Sound-of-Launch,"STS-131-Sound-of-Launch, --, [LOOP] - 136BPM, Fm, cinematic/tense","STS-131-Sound-of-Launch, --, [LOOP] - 136BPM, Fm, cinematic-tense.wav",19.017142857142858,135.99917763157896,136,Fm,3.725294010043384,Fm
211,film_scoring,Cinematic Samples (test)\STS-135-Countdown-to-Launch.wav,STS-135-Countdown-to-Launch,"STS-135-Countdown-to-Launch, --, [LOOP] - 115BPM, A#m, cinematic/tense","STS-135-Countdown-to-Launch, --, [LOOP] - 115BPM, A#m, cinematic-tense.wav",20.08816326530612,114.84375,115,A#m,3.7558678162880264,A#m
212,film_scoring,Cinematic Samples (test)\STS-135-Launch-Commentary.wav,STS-135-Launch-Commentary,"STS-135-Launch-Commentary, --, [LOOP] - 112BPM, Fm, cinematic/tense","STS-135-Launch-Commentary, --, [LOOP] - 112BPM, Fm, cinematic-tense.wav",15.699591836734694,112.34714673913044,112,Fm,3.7342751654399504,Fm
213,film_scoring,Cinematic Samples (test)\Ultra-Cold-Liquid-Helium-3.wav,Ultra-Cold-Liquid-Helium-3,"Ultra-Cold-Liquid-Helium-3, --, [LOOP] - 91BPM, A#m, cinematic/tense","Ultra-Cold-Liquid-Helium-3, --, [LOOP] - 91BPM, A#m, cinematic-tense.wav",27.49419501133787,90.66611842105263,91,A#m,4.166858446277854,A#m
214,film_scoring,Cinematic Samples (test)\Voyager-1-Three-Tsunami-Waves-in-Interstellar-Space.wav,Voyager-1-Three-Tsunami-Waves-in-Interstellar-Space,"Voyager-1-Three-Tsunami-Waves-in-Interstellar-Space, --, [LOOP] - 51BPM, C#m, cinematic/tense","Voyager-1-Three-Tsunami-Waves-in-Interstellar-Space, --, [LOOP] - 51BPM, C#m, cinematic-tense.wav",18.33795918367347,50.666360294117645,51,C#m,3.761678862489471,C#m
215,film_scoring,Cinematic Samples (test)\Voyager-Interstellar-Plasma-Sounds.wav,Voyager-Interstellar-Plasma-Sounds,"Voyager-Interstellar-Plasma-Sounds, --, [LOOP] - 51BPM, Dm, cinematic/tense","Voyager-Interstellar-Plasma-Sounds, --, [LOOP] - 51BPM, Dm, cinematic-tense.wav",12.51265306122449,51.16800742574257,51,Dm,3.7652226668419395,Dm
216,film_scoring,Cinematic Samples (test)\Voyager-Lightning-on-Jupiter.wav,Voyager-Lightning-on-Jupiter,"Voyager-Lightning-on-Jupiter, --, [LOOP] - 11BPM, G#m, cinematic/tense","Voyager-Lightning-on-Jupiter, --, [LOOP] - 11BPM, G#m, cinematic-tense.wav",7.8198639455782315,10.67762138429752,11,G#m,3.757690377414811,G#m
217,film_scoring,Cinematic Samples (test)\Wheel-Stop.wav,Wheel-Stop,"Wheel-Stop, --, [LOOP] - 89BPM, A#m, cinematic/tense","Wheel-Stop, --, [LOOP] - 89BPM, A#m, cinematic-tense.wav",5.877551020408164,89.10290948275862,89,A#m,3.8241952103477757,A#m
218,film_scoring,Cinematic Samples (test)\Whistler-Waves.wav,Whistler-Waves,"Whistler-Waves, --, [LOOP] - 120BPM, Fm, cinematic/tense","Whistler-Waves, --, [LOOP] - 120BPM, Fm, cinematic-tense.wav",53.733877551020406,120.18531976744185,120,Fm,3.7263695284240894,Fm
